Education,Actor & Movies,Healthcare,Sports,Gaming
vivek_bindra,priyankachopra,aishasharma25,virat.kohli,carryminati
officesonusharma,shraddhakapoor,swaamiramdev,mahi7781,ig_mortal
beerbiceps,nehakakkar,coachsapna,rohitsharma45,triggeredinsaan
financewithsharan,aliaabhatt,bhagyashree.online,ardikpandya93,scoutop
ankurwarikoo,deepikapadukone,srisriravishankar,sureshraina3,sahilrana
prafullmbachaiwala,katrinakaif,iamtarungill,yuvisofficial,dynamo__gaming
rajshamani,jacquelinef143,leezamangaldas,rahulkl,ig_jonathangaming
dhruvrathee,akshaykumar,rashmiraifitness,shikhardofficial,gyangaming
dhattarwalaman,anushkasharma,simrun.chopra,mirzasaniar,therawknee
drishtiias,urvashirautela,fitnessbyneha,yuzi_chahal23,snaxgaming